Date,Location,Incident_Type,Vessel_Type,Casualties,Cargo_Loss,Country,Latitude,Longitude
29-12-2018,Caribbean Sea,Shipwreck,Cargo Ship,3,Yes,Malaysia,16.898,-62.727
14-06-2019,West African Coast,Hijacking,Tanker,2,Yes,Malaysia,6.666,-4.779
30-10-2018,South China Sea,Oil Spill,Cargo Ship,1,Yes,Denmark,16.437,116.265
30-03-2020,Red Sea,Shipwreck,Fishing Boat,19,Yes,Bangladesh,20.307,37.901
14-04-2020,Gulf of Aden,Drug Trafficking,Research Vessel,0,No,Denmark,13.703,45.712
11-04-2023,Strait of Malacca,Collision,Bulk Carrier,0,Yes,India,0.777,100.782
21-08-2022,Strait of Malacca,Grounding,Tanker,3,No,Russia,1.467,101.652
20-04-2023,Caribbean Sea,Hijacking,Container Ship,9,Yes,Denmark,16.424,-59.241
24-04-2022,Gulf of Aden,Smuggling,Oil Tanker,1,No,Russia,10.704,45.792
21-07-2021,Gulf of Aden,Hijacking,Fishing Boat,5,Yes,Somalia,13.107,45.769
24-04-2020,Caribbean Sea,Shipwreck,Cargo Ship,10,Yes,Somalia,16.307,-61.46
12-06-2019,Baltic Sea,Piracy,Speed Boat,15,Yes,Nigeria,56.087,16.286
28-03-2020,Baltic Sea,Smuggling,Oil Tanker,13,No,India,59.79,16.368
08-05-2021,Persian Gulf,Collision,Oil Tanker,0,Yes,Iran,24.471,56.267
25-01-2021,South China Sea,Smuggling,Oil Tanker,10,No,Malaysia,15.902,115.353
22-07-2021,Caribbean Sea,Piracy,Cargo Ship,3,Yes,Iran,14.588,-61.673
11-07-2020,Red Sea,Smuggling,Bulk Carrier,2,No,Egypt,21.009,37.669
29-06-2021,Caribbean Sea,Piracy,Speed Boat,3,Yes,Philippines,13.362,-60.366
04-06-2023,Arctic Ocean,Hijacking,Passenger Ship,1,Yes,India,75.86,59.541
15-05-2019,Mediterranean Sea,Hijacking,Speed Boat,5,Yes,Iran,33.761,16.801
16-09-2020,Bay of Bengal,Piracy,Fishing Boat,13,Yes,Denmark,19.611,88.589
05-05-2018,Indian Ocean,Illegal Fishing,Fishing Boat,0,No,Malaysia,-6.642,70.977
28-06-2022,Arctic Ocean,Oil Spill,Passenger Ship,16,Yes,Colombia,76.986,60.109
09-09-2020,Persian Gulf,Smuggling,Cargo Ship,16,Yes,Somalia,24.404,56.407
03-04-2023,Caribbean Sea,Collision,Passenger Ship,10,Yes,Somalia,15.46,-62.954
10-02-2020,West African Coast,Smuggling,Speed Boat,4,No,Egypt,7.661,-6.793
12-04-2018,Arctic Ocean,Shipwreck,Tanker,2,Yes,Philippines,74.498,59.713
05-03-2019,Red Sea,Drug Trafficking,Container Ship,12,Yes,Iran,19.576,38.676
10-06-2021,North Sea,Illegal Fishing,Oil Tanker,3,Yes,Somalia,57.802,2.39
23-08-2020,Mediterranean Sea,Oil Spill,Cargo Ship,8,Yes,India,33.242,16.978
10-09-2022,South China Sea,Hijacking,Speed Boat,1,Yes,Russia,16.085,114.644
14-12-2019,Indian Ocean,Hijacking,Research Vessel,11,Yes,Somalia,-3.997,71.169
12-06-2018,Arctic Ocean,Piracy,Research Vessel,0,Yes,Bangladesh,75.603,61.853
09-05-2019,Baltic Sea,Illegal Fishing,Fishing Boat,0,Yes,Saudi Arabia,56.288,17.458
21-04-2020,Strait of Malacca,Oil Spill,Bulk Carrier,0,Yes,Nigeria,0.588,99.948
16-08-2018,Strait of Malacca,Collision,Tanker,1,Yes,Iran,1.621,100.09
22-10-2018,Bay of Bengal,Drug Trafficking,Tanker,0,No,Nigeria,19.563,90.776
07-07-2019,Bay of Bengal,Piracy,Bulk Carrier,18,Yes,Denmark,20.652,90.602
11-11-2020,Persian Gulf,Illegal Fishing,Container Ship,11,No,Egypt,26.395,53.649
25-04-2019,South China Sea,Shipwreck,Fishing Boat,0,Yes,Bangladesh,14.03,113.731
29-04-2022,Gulf of Aden,Piracy,Fishing Boat,14,Yes,Saudi Arabia,11.504,45.029
07-01-2022,Bay of Bengal,Piracy,Cargo Ship,13,Yes,Greece,19.902,91.272
15-08-2019,Gulf of Aden,Drug Trafficking,Fishing Boat,13,No,Nigeria,12.75,45.992
27-12-2020,South China Sea,Hijacking,Passenger Ship,18,Yes,Malaysia,16.534,114.627
26-01-2019,Bay of Bengal,Drug Trafficking,Fishing Boat,16,No,Saudi Arabia,21.007,90.495
26-12-2022,Arctic Ocean,Grounding,Tanker,0,Yes,India,76.987,61.309
03-01-2020,Baltic Sea,Illegal Fishing,Cargo Ship,17,No,Colombia,58.635,18.077
27-12-2018,South China Sea,Collision,Cargo Ship,8,Yes,Philippines,14.88,116.751
09-08-2018,Arctic Ocean,Hijacking,Speed Boat,12,Yes,Russia,75.289,60.806
19-04-2022,Bay of Bengal,Collision,Cargo Ship,0,Yes,Norway,21.419,88.374
04-07-2018,West African Coast,Drug Trafficking,Tanker,2,Yes,Somalia,7.951,-4.997
21-02-2018,Gulf of Aden,Piracy,Research Vessel,7,Yes,Nigeria,13.197,44.765
04-10-2021,Gulf of Aden,Collision,Oil Tanker,0,Yes,Philippines,10.647,46.819
24-11-2018,Gulf of Aden,Piracy,Cargo Ship,12,Yes,Bangladesh,13.42,43.412
15-04-2021,Arctic Ocean,Hijacking,Cargo Ship,19,Yes,Somalia,73.701,60.576
19-10-2018,Caribbean Sea,Hijacking,Speed Boat,17,Yes,Nigeria,13.072,-62.851
19-08-2020,Gulf of Aden,Oil Spill,Fishing Boat,2,Yes,Saudi Arabia,12.449,44.004
15-01-2019,Mediterranean Sea,Smuggling,Research Vessel,0,Yes,Philippines,34.922,16.78
24-08-2019,Persian Gulf,Mechanical Failure,Cargo Ship,6,No,Nigeria,24.279,54.685
31-07-2022,Gulf of Aden,Shipwreck,Cargo Ship,15,Yes,Saudi Arabia,10.765,44.675
08-09-2018,Strait of Malacca,Drug Trafficking,Cargo Ship,3,No,Colombia,0.517,101.177
22-03-2023,Gulf of Aden,Piracy,Cargo Ship,19,Yes,Norway,10.332,44.398
17-07-2021,Gulf of Aden,Oil Spill,Passenger Ship,10,Yes,Saudi Arabia,10.377,43.24
25-10-2020,West African Coast,Collision,Cargo Ship,1,Yes,Iran,6.347,-6.907
03-05-2023,Baltic Sea,Drug Trafficking,Cargo Ship,7,Yes,Nigeria,56.003,17.197
13-06-2021,Baltic Sea,Oil Spill,Fishing Boat,1,Yes,Bangladesh,59.41,16.326
09-04-2023,Red Sea,Illegal Fishing,Tanker,11,Yes,Somalia,20.638,36.173
26-10-2018,Caribbean Sea,Collision,Cargo Ship,0,Yes,Colombia,15.668,-60.99
06-08-2022,Caribbean Sea,Smuggling,Speed Boat,1,Yes,Russia,15.946,-59.363
08-12-2019,Caribbean Sea,Smuggling,Container Ship,1,No,Colombia,14.348,-60.237
10-06-2020,Arctic Ocean,Fire,Speed Boat,2,Yes,Nigeria,75.228,60.339
02-12-2020,Bay of Bengal,Piracy,Passenger Ship,10,Yes,Egypt,19.006,88.362
11-05-2021,Arctic Ocean,Piracy,Research Vessel,17,Yes,Iran,74.243,58.37
06-02-2018,Baltic Sea,Shipwreck,Oil Tanker,16,Yes,Bangladesh,58.58,18.371
06-07-2021,Persian Gulf,Piracy,Cargo Ship,10,Yes,Denmark,23.067,54.839
21-05-2021,Indian Ocean,Illegal Fishing,Oil Tanker,2,No,Egypt,-3.382,70.323
10-09-2022,Arctic Ocean,Shipwreck,Cargo Ship,8,Yes,India,75.662,58.622
28-03-2020,Baltic Sea,Piracy,Speed Boat,1,Yes,Norway,56.797,19.844
18-02-2020,Red Sea,Grounding,Oil Tanker,18,Yes,Norway,20.357,36.457
28-06-2022,South China Sea,Grounding,Oil Tanker,0,Yes,Nigeria,16.516,114.738
20-01-2021,Red Sea,Piracy,Research Vessel,4,Yes,India,18.577,37.998
06-03-2022,Red Sea,Smuggling,Container Ship,12,Yes,Bangladesh,20.994,36.028
08-02-2021,North Sea,Illegal Fishing,Fishing Boat,4,Yes,Malaysia,57.456,2.746
22-01-2022,Strait of Malacca,Illegal Fishing,Cargo Ship,5,No,Saudi Arabia,3.223,99.84
23-05-2022,Mediterranean Sea,Hijacking,Container Ship,4,Yes,Saudi Arabia,35.497,17.705
07-07-2019,Baltic Sea,Hijacking,Container Ship,18,Yes,Russia,56.613,18.509
07-01-2018,North Sea,Illegal Fishing,Cargo Ship,3,No,Denmark,54.979,2.142
13-05-2020,Strait of Malacca,Hijacking,Passenger Ship,4,Yes,India,0.02,101.174
31-05-2023,Strait of Malacca,Smuggling,Bulk Carrier,17,Yes,Iran,1.566,101.56
04-04-2019,Baltic Sea,Piracy,Cargo Ship,9,Yes,Colombia,56.128,19.772
08-01-2019,North Sea,Hijacking,Passenger Ship,18,Yes,Saudi Arabia,54.423,4.063
27-03-2020,Red Sea,Hijacking,Passenger Ship,5,Yes,India,21.446,38.172
20-09-2018,Baltic Sea,Smuggling,Container Ship,15,Yes,Somalia,58.086,16.785
22-12-2019,North Sea,Piracy,Fishing Boat,6,Yes,Bangladesh,55.352,4.383
24-06-2022,Red Sea,Piracy,Container Ship,7,Yes,Malaysia,18.733,37.624
27-10-2021,Gulf of Aden,Shipwreck,Oil Tanker,3,Yes,Egypt,13.594,43.876
29-09-2019,Red Sea,Oil Spill,Cargo Ship,1,Yes,Nigeria,18.179,38.138
23-11-2020,Caribbean Sea,Smuggling,Fishing Boat,4,Yes,Colombia,13.782,-59.276
08-09-2022,North Sea,Collision,Speed Boat,12,Yes,Iran,55.133,5.313
20-05-2021,Strait of Malacca,Collision,Speed Boat,0,Yes,Colombia,3.31,99.167
05-03-2019,Bay of Bengal,Collision,Fishing Boat,2,Yes,Greece,21.281,89.933
20-03-2020,Strait of Malacca,Drug Trafficking,Oil Tanker,1,No,Denmark,3.913,101.503
10-08-2021,Indian Ocean,Hijacking,Fishing Boat,12,Yes,Malaysia,-4.965,71.009
29-04-2018,Baltic Sea,Collision,Fishing Boat,3,Yes,Saudi Arabia,59.529,16.045
27-01-2021,Gulf of Aden,Oil Spill,Bulk Carrier,7,Yes,Russia,10.585,44.308
03-03-2021,Caribbean Sea,Piracy,Fishing Boat,15,Yes,Somalia,14.223,-62.09
29-08-2019,Gulf of Aden,Fire,Bulk Carrier,3,Yes,Malaysia,11.522,44.726
12-11-2021,South China Sea,Grounding,Cargo Ship,4,No,Malaysia,14.556,116.314
17-03-2020,Caribbean Sea,Mechanical Failure,Passenger Ship,7,Yes,Nigeria,14.443,-61.629
09-12-2019,Indian Ocean,Piracy,Oil Tanker,16,Yes,India,-3.803,73.453
26-04-2020,Red Sea,Hijacking,Oil Tanker,7,Yes,Denmark,20.248,38.864
18-04-2020,Mediterranean Sea,Piracy,Fishing Boat,9,Yes,Denmark,36.435,17.427
23-12-2020,Gulf of Aden,Grounding,Cargo Ship,3,No,Malaysia,13.879,46.423
03-02-2023,Gulf of Aden,Hijacking,Cargo Ship,13,Yes,Russia,13.741,44.298
23-12-2022,Indian Ocean,Drug Trafficking,Fishing Boat,0,Yes,Norway,-5.635,71.335
09-02-2023,Mediterranean Sea,Smuggling,Bulk Carrier,16,Yes,Nigeria,35.788,16.929
28-01-2019,Bay of Bengal,Smuggling,Fishing Boat,14,Yes,Saudi Arabia,20.238,89.729
31-07-2022,Caribbean Sea,Hijacking,Cargo Ship,0,Yes,Saudi Arabia,16.185,-59.297
13-06-2021,West African Coast,Hijacking,Bulk Carrier,1,Yes,India,6.598,-4.134
10-02-2022,Mediterranean Sea,Drug Trafficking,Speed Boat,13,Yes,Egypt,33.978,17.253
16-01-2022,South China Sea,Oil Spill,Oil Tanker,2,Yes,Malaysia,16.292,113.051
29-04-2022,North Sea,Piracy,Cargo Ship,2,Yes,Saudi Arabia,54.917,5.102
19-04-2019,Mediterranean Sea,Smuggling,Research Vessel,12,Yes,Philippines,33.133,16.293
20-05-2020,North Sea,Piracy,Oil Tanker,6,Yes,Malaysia,56.102,4.379
24-10-2022,Strait of Malacca,Illegal Fishing,Passenger Ship,7,No,Bangladesh,2.601,101.803
24-09-2021,West African Coast,Smuggling,Bulk Carrier,18,Yes,Nigeria,5.054,-5.142
14-04-2023,Arctic Ocean,Piracy,Fishing Boat,1,Yes,India,75.638,61.679
22-11-2021,Persian Gulf,Collision,Fishing Boat,0,Yes,Greece,26.929,55.221
30-08-2022,Red Sea,Illegal Fishing,Container Ship,11,Yes,Somalia,19.515,36.913
26-11-2020,Caribbean Sea,Hijacking,Speed Boat,8,Yes,Egypt,14.097,-61.347
25-12-2022,South China Sea,Hijacking,Bulk Carrier,8,Yes,Colombia,14.006,116.394
30-11-2022,South China Sea,Drug Trafficking,Tanker,1,No,Iran,16.945,116.974
10-05-2021,Strait of Malacca,Fire,Container Ship,2,No,India,1.641,100.722
16-06-2023,Red Sea,Hijacking,Oil Tanker,1,Yes,Russia,20.572,38.903
24-02-2019,South China Sea,Piracy,Fishing Boat,13,Yes,Nigeria,13.755,115.443
06-09-2020,Bay of Bengal,Illegal Fishing,Passenger Ship,13,Yes,Denmark,18.068,90.082
03-02-2019,South China Sea,Drug Trafficking,Speed Boat,4,Yes,Russia,15.173,115.856
23-12-2018,South China Sea,Grounding,Fishing Boat,9,Yes,Philippines,15.093,116.05
04-10-2018,South China Sea,Drug Trafficking,Passenger Ship,3,No,Greece,16.572,115.362
29-01-2022,North Sea,Mechanical Failure,Container Ship,7,No,Colombia,54.284,3.017
15-07-2021,Red Sea,Collision,Passenger Ship,6,Yes,Bangladesh,18.26,37.247
05-06-2021,Bay of Bengal,Grounding,Cargo Ship,0,No,Colombia,19.324,88.497
06-04-2020,Baltic Sea,Illegal Fishing,Passenger Ship,1,No,Philippines,56.445,17.873
10-09-2021,Caribbean Sea,Drug Trafficking,Oil Tanker,14,Yes,Saudi Arabia,15.308,-59.739
24-07-2022,Caribbean Sea,Piracy,Bulk Carrier,0,Yes,Colombia,13.542,-62.572
16-04-2018,North Sea,Collision,Cargo Ship,6,Yes,Greece,55.119,4.734
21-05-2018,Baltic Sea,Piracy,Cargo Ship,3,Yes,Russia,56.665,17.165
04-06-2020,Indian Ocean,Illegal Fishing,Tanker,8,No,Philippines,-4.407,73.044
01-02-2022,Arctic Ocean,Hijacking,Fishing Boat,3,Yes,Egypt,74.849,58.928
12-04-2019,Gulf of Aden,Piracy,Oil Tanker,10,Yes,Russia,12.625,46.729
10-09-2022,Strait of Malacca,Drug Trafficking,Tanker,0,No,Bangladesh,1.528,101.555
02-09-2022,Baltic Sea,Piracy,Oil Tanker,17,Yes,Somalia,57.938,19.241
22-12-2020,West African Coast,Mechanical Failure,Research Vessel,8,No,Nigeria,6.841,-5.96
08-06-2021,Caribbean Sea,Piracy,Research Vessel,1,Yes,Bangladesh,16.794,-61.113
07-04-2018,Baltic Sea,Piracy,Oil Tanker,11,Yes,Russia,56.377,18.409
27-05-2019,Gulf of Aden,Smuggling,Container Ship,12,Yes,Somalia,11.681,44.53
14-03-2021,North Sea,Drug Trafficking,Container Ship,3,Yes,Somalia,55.133,3.51
04-05-2020,Bay of Bengal,Collision,Container Ship,3,Yes,Iran,19.508,89.769
05-07-2020,Persian Gulf,Oil Spill,Container Ship,0,Yes,Nigeria,26.826,56.946
21-12-2021,Caribbean Sea,Piracy,Fishing Boat,2,Yes,Bangladesh,13.759,-59.078
29-05-2018,Arctic Ocean,Piracy,Fishing Boat,19,Yes,Saudi Arabia,73.278,61.073
12-04-2022,Caribbean Sea,Drug Trafficking,Speed Boat,4,Yes,Nigeria,14.336,-62.141
05-02-2020,Caribbean Sea,Drug Trafficking,Cargo Ship,5,No,Norway,15.822,-60.596
19-01-2022,Indian Ocean,Hijacking,Speed Boat,7,Yes,Denmark,-3.304,71.591
30-01-2023,Baltic Sea,Hijacking,Oil Tanker,3,Yes,Philippines,59.36,16.103
10-04-2023,South China Sea,Smuggling,Oil Tanker,0,No,Colombia,15.978,114.549
09-05-2021,Caribbean Sea,Collision,Tanker,13,Yes,Iran,15.291,-59.411
17-09-2020,North Sea,Smuggling,Oil Tanker,4,No,Egypt,56.078,4.447
26-09-2018,Strait of Malacca,Piracy,Cargo Ship,16,Yes,Iran,1.914,100.983
11-06-2020,Persian Gulf,Smuggling,Passenger Ship,0,No,Saudi Arabia,23.301,55.036
09-11-2022,Caribbean Sea,Collision,Fishing Boat,14,Yes,Bangladesh,15.664,-62.383
05-04-2019,Bay of Bengal,Oil Spill,Container Ship,5,Yes,Iran,19.993,89.083
28-07-2020,Strait of Malacca,Piracy,Research Vessel,2,Yes,India,0.778,99.885
06-01-2023,Red Sea,Smuggling,Container Ship,1,No,Egypt,21.242,38.748
31-03-2021,Arctic Ocean,Piracy,Fishing Boat,14,Yes,Greece,74.897,59.434
12-04-2020,Baltic Sea,Grounding,Cargo Ship,14,No,Somalia,59.92,17.221
24-05-2020,Caribbean Sea,Hijacking,Cargo Ship,3,Yes,Russia,16.1,-60.476
22-02-2019,Bay of Bengal,Piracy,Container Ship,13,Yes,Egypt,20.293,91.224
10-12-2022,Caribbean Sea,Collision,Oil Tanker,0,Yes,Norway,16.787,-61.325
22-05-2023,Gulf of Aden,Illegal Fishing,Oil Tanker,6,No,Iran,11.623,43.689
20-04-2020,Caribbean Sea,Piracy,Bulk Carrier,3,Yes,Bangladesh,16.192,-61.837
08-11-2020,Bay of Bengal,Collision,Oil Tanker,0,Yes,Greece,19.732,88.927
16-01-2022,Indian Ocean,Mechanical Failure,Cargo Ship,4,Yes,Norway,-5.302,73.787
05-06-2019,Red Sea,Drug Trafficking,Speed Boat,19,No,Greece,21.89,39.191
14-06-2021,North Sea,Hijacking,Tanker,2,Yes,Nigeria,56.914,2.172
19-01-2021,Arctic Ocean,Collision,Speed Boat,2,Yes,Nigeria,74.912,61.96
04-04-2023,Indian Ocean,Piracy,Oil Tanker,9,Yes,India,-6.268,70.007
25-02-2022,West African Coast,Fire,Cargo Ship,15,No,India,6.108,-6.807
29-05-2023,West African Coast,Illegal Fishing,Passenger Ship,3,Yes,Nigeria,4.91,-3.287
12-03-2023,Red Sea,Hijacking,Bulk Carrier,4,Yes,India,18.847,39.012
20-09-2021,Mediterranean Sea,Grounding,Passenger Ship,11,No,Nigeria,36.375,17.049
04-05-2023,Caribbean Sea,Hijacking,Container Ship,0,Yes,Philippines,16.383,-61.691
24-05-2019,West African Coast,Collision,Research Vessel,6,Yes,Russia,5.618,-4.258
15-09-2019,South China Sea,Piracy,Bulk Carrier,15,Yes,Iran,13.63,116.15
06-05-2021,Mediterranean Sea,Smuggling,Fishing Boat,12,Yes,Egypt,36.607,19.982
05-02-2022,Gulf of Aden,Illegal Fishing,Speed Boat,0,No,Saudi Arabia,11.978,45.551
09-09-2018,Arctic Ocean,Collision,Research Vessel,3,Yes,Bangladesh,73.457,60.357
23-01-2018,Strait of Malacca,Smuggling,Bulk Carrier,14,No,Denmark,3.955,102.695
15-03-2021,Bay of Bengal,Oil Spill,Oil Tanker,0,Yes,Colombia,21.225,90.071
16-10-2020,Red Sea,Hijacking,Fishing Boat,2,Yes,Malaysia,21.607,37.475
12-05-2023,Arctic Ocean,Hijacking,Cargo Ship,3,Yes,Egypt,73.956,61.528
01-12-2018,Gulf of Aden,Oil Spill,Oil Tanker,0,Yes,India,12.879,45.314
15-04-2022,Baltic Sea,Hijacking,Container Ship,0,Yes,Bangladesh,57.518,17.971
02-10-2018,Bay of Bengal,Collision,Container Ship,9,Yes,Nigeria,20.947,88.406
09-08-2019,Persian Gulf,Smuggling,Cargo Ship,1,Yes,Philippines,24.82,55.662
16-07-2019,South China Sea,Piracy,Cargo Ship,5,Yes,Russia,13.001,116.328
01-09-2022,Persian Gulf,Smuggling,Cargo Ship,0,Yes,Philippines,23.146,55.842
06-02-2023,Indian Ocean,Collision,Oil Tanker,14,Yes,Russia,-4.451,72.496
21-01-2023,Caribbean Sea,Piracy,Oil Tanker,0,Yes,Greece,15.705,-60.255
09-08-2021,Mediterranean Sea,Smuggling,Oil Tanker,1,Yes,Norway,33.742,16.581
24-03-2021,Strait of Malacca,Grounding,Fishing Boat,2,No,Norway,1.168,99.041
15-07-2022,Mediterranean Sea,Illegal Fishing,Oil Tanker,9,Yes,Denmark,33.544,19.092
06-03-2022,North Sea,Drug Trafficking,Cargo Ship,7,No,Somalia,56.66,3.217
07-11-2019,South China Sea,Drug Trafficking,Container Ship,7,No,Philippines,13.548,113.051
10-04-2020,Mediterranean Sea,Illegal Fishing,Cargo Ship,5,Yes,Egypt,34.022,18.559
27-09-2021,Mediterranean Sea,Oil Spill,Fishing Boat,4,Yes,Philippines,34.646,18.899
09-01-2023,Arctic Ocean,Collision,Speed Boat,13,Yes,Russia,74.348,58.025
08-01-2020,Red Sea,Collision,Container Ship,2,Yes,Iran,21.694,39.459
12-08-2019,Gulf of Aden,Shipwreck,Fishing Boat,14,Yes,Bangladesh,11.702,43.767
20-04-2022,Persian Gulf,Drug Trafficking,Cargo Ship,1,Yes,Somalia,24.671,56.164
02-10-2020,Arctic Ocean,Drug Trafficking,Speed Boat,2,No,Russia,74.366,58.788
30-09-2018,Gulf of Aden,Smuggling,Oil Tanker,4,Yes,Saudi Arabia,13.113,43.516
27-02-2021,Gulf of Aden,Oil Spill,Container Ship,4,Yes,Nigeria,12.486,45.132
21-09-2020,South China Sea,Piracy,Cargo Ship,6,Yes,Bangladesh,15.268,113.095
29-05-2021,Red Sea,Smuggling,Fishing Boat,10,No,Nigeria,18.093,39.589
23-02-2023,Baltic Sea,Smuggling,Container Ship,0,No,Colombia,59.028,17.162
01-08-2019,North Sea,Collision,Container Ship,17,Yes,Greece,57.947,3.349
17-07-2020,Gulf of Aden,Drug Trafficking,Speed Boat,1,Yes,Egypt,10.212,46.633
05-03-2018,Caribbean Sea,Drug Trafficking,Passenger Ship,2,No,Somalia,15.847,-62.704
11-04-2021,Bay of Bengal,Smuggling,Container Ship,6,No,Philippines,18.334,90.557
13-08-2019,Persian Gulf,Piracy,Speed Boat,6,Yes,Denmark,24.684,55.656
05-03-2022,Strait of Malacca,Illegal Fishing,Passenger Ship,7,No,India,2.071,102.847
05-04-2021,Mediterranean Sea,Fire,Tanker,2,Yes,India,36.291,18.893
11-05-2022,South China Sea,Fire,Fishing Boat,1,Yes,Bangladesh,15.99,113.53
18-06-2022,Red Sea,Oil Spill,Research Vessel,1,Yes,Colombia,21.254,39.325
04-10-2022,Caribbean Sea,Shipwreck,Container Ship,7,Yes,Greece,16.992,-61.181
20-01-2018,Red Sea,Collision,Bulk Carrier,2,Yes,Iran,18.079,38.09
02-04-2021,Red Sea,Illegal Fishing,Oil Tanker,4,Yes,India,18.792,39.403
07-12-2022,North Sea,Hijacking,Fishing Boat,4,Yes,Somalia,56.542,3.164
05-11-2021,Arctic Ocean,Illegal Fishing,Bulk Carrier,1,Yes,India,74.537,61.191
21-12-2020,Strait of Malacca,Smuggling,Cargo Ship,2,No,Saudi Arabia,1.683,101.738
23-04-2018,Strait of Malacca,Smuggling,Container Ship,5,No,Saudi Arabia,1.879,101.977
22-12-2020,Arctic Ocean,Grounding,Oil Tanker,14,No,Philippines,76.197,59.267
02-02-2022,Gulf of Aden,Shipwreck,Cargo Ship,13,Yes,Russia,10.894,44.743
28-12-2018,Bay of Bengal,Hijacking,Passenger Ship,12,Yes,Denmark,21.303,90.562
07-08-2020,South China Sea,Smuggling,Oil Tanker,4,No,Philippines,15.468,115.877
29-08-2019,Arctic Ocean,Collision,Fishing Boat,17,Yes,Denmark,75.859,61.315
21-04-2023,Persian Gulf,Drug Trafficking,Oil Tanker,13,Yes,Iran,24.614,56.885
08-06-2022,West African Coast,Piracy,Speed Boat,10,Yes,Egypt,7.74,-5.468
25-07-2021,Strait of Malacca,Shipwreck,Container Ship,1,Yes,Saudi Arabia,0.678,100.842
25-09-2021,Gulf of Aden,Smuggling,Research Vessel,13,No,Malaysia,10.932,43.347
31-07-2020,Caribbean Sea,Illegal Fishing,Passenger Ship,9,No,Somalia,15.892,-60.472
27-05-2020,Strait of Malacca,Hijacking,Fishing Boat,1,Yes,Egypt,3.0,101.731
07-05-2023,Mediterranean Sea,Grounding,Speed Boat,6,No,Somalia,36.367,16.009
07-04-2018,Mediterranean Sea,Illegal Fishing,Oil Tanker,17,Yes,Egypt,34.987,19.223
17-04-2019,South China Sea,Mechanical Failure,Oil Tanker,11,No,Colombia,15.229,116.821
12-09-2020,Indian Ocean,Piracy,Speed Boat,7,Yes,Russia,-4.504,73.24
14-09-2022,Mediterranean Sea,Piracy,Container Ship,8,Yes,Bangladesh,36.181,19.221
09-09-2022,West African Coast,Hijacking,Container Ship,4,Yes,Saudi Arabia,4.149,-3.604
19-06-2019,Strait of Malacca,Smuggling,Cargo Ship,0,Yes,Iran,0.505,99.809
18-09-2020,North Sea,Drug Trafficking,Cargo Ship,5,Yes,Russia,57.471,4.112
22-12-2020,Red Sea,Piracy,Container Ship,4,Yes,India,21.143,38.419
10-09-2020,Red Sea,Drug Trafficking,Speed Boat,6,No,Bangladesh,19.469,36.765
05-01-2019,Red Sea,Collision,Oil Tanker,1,Yes,Egypt,19.045,39.025
29-07-2020,Indian Ocean,Piracy,Cargo Ship,0,Yes,Russia,-6.576,70.552
28-03-2020,Mediterranean Sea,Oil Spill,Cargo Ship,5,Yes,Philippines,35.599,18.615
06-05-2019,Gulf of Aden,Oil Spill,Cargo Ship,0,Yes,Malaysia,12.737,46.421
27-04-2021,Strait of Malacca,Collision,Oil Tanker,15,Yes,Somalia,2.173,101.937
18-07-2022,North Sea,Piracy,Passenger Ship,2,Yes,Somalia,56.951,4.453
18-06-2019,Mediterranean Sea,Shipwreck,Oil Tanker,18,Yes,India,34.671,18.852
19-01-2021,Persian Gulf,Smuggling,Container Ship,5,Yes,Norway,23.531,56.592
09-12-2020,West African Coast,Hijacking,Tanker,17,Yes,Greece,6.659,-3.864
18-12-2021,Bay of Bengal,Smuggling,Oil Tanker,2,Yes,Greece,21.951,90.511
12-09-2018,Baltic Sea,Illegal Fishing,Fishing Boat,10,No,Iran,59.971,19.1
19-09-2020,Persian Gulf,Piracy,Cargo Ship,1,Yes,Norway,24.521,53.436
02-01-2023,South China Sea,Mechanical Failure,Research Vessel,6,Yes,Colombia,15.126,115.465
14-01-2020,Arctic Ocean,Shipwreck,Container Ship,1,Yes,Russia,75.382,58.563
13-07-2021,Baltic Sea,Piracy,Oil Tanker,4,Yes,Saudi Arabia,58.366,17.503
07-01-2019,Red Sea,Illegal Fishing,Fishing Boat,9,No,Iran,20.288,38.11
08-01-2022,Arctic Ocean,Piracy,Cargo Ship,7,Yes,Denmark,73.58,60.851
07-01-2020,Bay of Bengal,Smuggling,Research Vessel,18,No,Somalia,18.889,90.606
10-02-2020,Baltic Sea,Illegal Fishing,Oil Tanker,4,Yes,Somalia,58.777,19.713
09-07-2020,West African Coast,Collision,Speed Boat,1,Yes,Saudi Arabia,7.024,-5.844
25-12-2018,Persian Gulf,Collision,Passenger Ship,8,Yes,India,26.582,56.821
17-04-2021,Gulf of Aden,Collision,Tanker,10,Yes,India,10.758,44.338
13-02-2018,West African Coast,Shipwreck,Bulk Carrier,1,Yes,India,6.099,-6.95
18-11-2020,Bay of Bengal,Smuggling,Cargo Ship,0,Yes,Malaysia,21.174,88.734
08-06-2018,Strait of Malacca,Shipwreck,Container Ship,0,Yes,Russia,2.356,101.078
20-06-2019,Strait of Malacca,Smuggling,Fishing Boat,0,Yes,Malaysia,2.528,102.138
03-09-2019,Mediterranean Sea,Grounding,Oil Tanker,3,No,Denmark,35.022,16.771
09-04-2020,Red Sea,Illegal Fishing,Cargo Ship,4,Yes,Saudi Arabia,19.95,38.35
20-01-2023,Arctic Ocean,Oil Spill,Container Ship,9,Yes,Malaysia,76.606,59.521
22-04-2022,Persian Gulf,Piracy,Container Ship,12,Yes,Egypt,23.334,56.239
17-06-2020,Strait of Malacca,Piracy,Speed Boat,15,Yes,Colombia,2.313,99.307
11-10-2021,Caribbean Sea,Oil Spill,Passenger Ship,3,Yes,India,14.489,-61.257
03-12-2020,West African Coast,Illegal Fishing,Container Ship,7,Yes,Russia,7.124,-4.213
11-01-2023,Persian Gulf,Hijacking,Cargo Ship,18,Yes,India,24.179,54.617
22-04-2022,Red Sea,Oil Spill,Cargo Ship,1,Yes,Saudi Arabia,18.001,36.432
16-05-2018,Baltic Sea,Fire,Cargo Ship,6,No,Norway,58.303,17.707
12-06-2022,South China Sea,Hijacking,Oil Tanker,4,Yes,Colombia,13.435,116.043
17-04-2020,Mediterranean Sea,Smuggling,Container Ship,3,No,Nigeria,36.294,18.047
05-03-2020,Bay of Bengal,Shipwreck,Fishing Boat,13,Yes,Norway,18.287,88.85
05-02-2019,North Sea,Smuggling,Fishing Boat,0,No,Egypt,56.246,2.245
08-11-2020,Bay of Bengal,Collision,Cargo Ship,1,Yes,Russia,20.961,88.987
26-04-2022,Baltic Sea,Smuggling,Oil Tanker,3,No,Colombia,57.482,18.55
26-12-2020,Strait of Malacca,Illegal Fishing,Oil Tanker,4,Yes,Greece,3.508,101.359
14-08-2019,Strait of Malacca,Grounding,Fishing Boat,6,No,Norway,1.114,101.695
25-04-2019,Strait of Malacca,Oil Spill,Speed Boat,2,Yes,Bangladesh,3.044,100.519
02-05-2023,Indian Ocean,Smuggling,Container Ship,1,No,Bangladesh,-4.004,70.576
07-10-2022,Persian Gulf,Smuggling,Cargo Ship,8,No,Greece,26.583,56.59
23-05-2020,Arctic Ocean,Collision,Fishing Boat,1,Yes,Denmark,76.327,60.597
26-12-2022,South China Sea,Piracy,Tanker,3,Yes,Bangladesh,15.846,113.435
25-04-2019,Indian Ocean,Oil Spill,Fishing Boat,6,Yes,India,-6.1,73.24
12-09-2021,Arctic Ocean,Collision,Fishing Boat,12,Yes,Colombia,73.85,61.641
09-04-2019,Bay of Bengal,Smuggling,Speed Boat,8,Yes,Egypt,19.882,90.276
21-04-2019,North Sea,Piracy,Cargo Ship,3,Yes,Saudi Arabia,57.991,3.245
07-11-2020,Caribbean Sea,Collision,Cargo Ship,6,Yes,Egypt,14.797,-59.878
11-01-2020,Persian Gulf,Piracy,Speed Boat,2,Yes,Russia,24.865,54.126
07-02-2018,Red Sea,Hijacking,Tanker,0,Yes,Saudi Arabia,19.553,39.972
12-04-2020,South China Sea,Oil Spill,Container Ship,0,Yes,Saudi Arabia,13.629,115.457
15-08-2020,Baltic Sea,Collision,Cargo Ship,3,Yes,Bangladesh,56.966,17.942
30-12-2022,Caribbean Sea,Collision,Passenger Ship,12,Yes,Malaysia,13.323,-60.234
20-02-2022,Indian Ocean,Illegal Fishing,Cargo Ship,19,No,Somalia,-4.161,72.362
09-05-2023,Arctic Ocean,Piracy,Container Ship,4,Yes,Russia,74.943,59.684
01-10-2022,Persian Gulf,Shipwreck,Container Ship,0,Yes,Bangladesh,23.81,53.118
28-12-2021,Arctic Ocean,Drug Trafficking,Speed Boat,2,No,Colombia,76.313,60.583
27-03-2021,North Sea,Hijacking,Speed Boat,3,Yes,Iran,57.251,2.371
26-09-2018,Strait of Malacca,Oil Spill,Fishing Boat,14,Yes,Colombia,0.348,101.066
31-10-2021,Baltic Sea,Illegal Fishing,Oil Tanker,0,Yes,Saudi Arabia,59.843,17.396
21-04-2019,Caribbean Sea,Hijacking,Oil Tanker,3,Yes,Greece,16.73,-60.759
10-12-2022,Strait of Malacca,Collision,Container Ship,17,Yes,Egypt,3.028,102.049
14-09-2020,Caribbean Sea,Drug Trafficking,Fishing Boat,6,No,Norway,14.793,-60.141
05-04-2022,North Sea,Shipwreck,Fishing Boat,3,Yes,Greece,57.982,4.366
03-10-2018,Persian Gulf,Oil Spill,Passenger Ship,8,Yes,Iran,24.44,53.904
30-08-2022,South China Sea,Smuggling,Container Ship,3,Yes,Greece,13.846,114.198
05-07-2018,Red Sea,Smuggling,Cargo Ship,2,Yes,Bangladesh,20.239,37.981
04-07-2021,Baltic Sea,Oil Spill,Speed Boat,20,Yes,Colombia,58.646,18.46
06-10-2022,Gulf of Aden,Collision,Container Ship,3,Yes,Russia,10.8,45.064
17-02-2020,Indian Ocean,Smuggling,Container Ship,6,No,Bangladesh,-4.518,70.464
30-04-2022,South China Sea,Smuggling,Container Ship,15,No,Egypt,13.259,114.353
21-05-2021,Mediterranean Sea,Collision,Fishing Boat,1,Yes,Denmark,34.457,18.248
06-04-2020,Strait of Malacca,Collision,Fishing Boat,1,Yes,Saudi Arabia,2.172,99.182
18-01-2021,Baltic Sea,Grounding,Research Vessel,5,Yes,Saudi Arabia,59.889,17.57
01-01-2019,Arctic Ocean,Illegal Fishing,Passenger Ship,2,Yes,Iran,74.476,61.831
24-06-2023,West African Coast,Hijacking,Bulk Carrier,1,Yes,Greece,7.02,-3.035
14-03-2022,Bay of Bengal,Oil Spill,Oil Tanker,12,Yes,Nigeria,20.541,91.795
28-01-2020,Caribbean Sea,Drug Trafficking,Fishing Boat,6,Yes,Iran,14.992,-62.149
18-03-2023,Mediterranean Sea,Collision,Bulk Carrier,3,Yes,Denmark,33.162,19.63
11-08-2019,South China Sea,Illegal Fishing,Cargo Ship,7,No,Philippines,16.414,114.61
11-03-2018,Caribbean Sea,Oil Spill,Passenger Ship,2,Yes,Malaysia,13.87,-62.756
19-02-2021,Caribbean Sea,Piracy,Oil Tanker,5,Yes,Greece,13.658,-62.748
29-01-2023,Persian Gulf,Grounding,Fishing Boat,18,Yes,Saudi Arabia,23.103,55.64
04-07-2018,Baltic Sea,Collision,Container Ship,0,Yes,Iran,57.027,16.118
22-01-2023,Caribbean Sea,Piracy,Cargo Ship,12,Yes,Norway,14.335,-62.447
10-05-2023,Indian Ocean,Piracy,Passenger Ship,9,Yes,Somalia,-3.744,72.348
20-07-2020,Indian Ocean,Grounding,Speed Boat,15,No,Egypt,-4.015,73.331
21-09-2020,Persian Gulf,Piracy,Passenger Ship,4,Yes,Russia,23.019,53.727
19-01-2020,West African Coast,Hijacking,Oil Tanker,6,Yes,Malaysia,6.749,-4.753
17-03-2018,Indian Ocean,Drug Trafficking,Oil Tanker,1,Yes,India,-5.647,71.786
18-12-2019,Indian Ocean,Smuggling,Cargo Ship,15,No,Iran,-6.637,73.424
13-12-2021,Persian Gulf,Hijacking,Tanker,3,Yes,Norway,25.645,56.969
27-02-2021,Strait of Malacca,Grounding,Fishing Boat,4,Yes,Russia,2.011,99.404
17-08-2020,Arctic Ocean,Hijacking,Fishing Boat,16,Yes,Malaysia,76.139,58.351
04-10-2022,Caribbean Sea,Smuggling,Passenger Ship,15,No,Denmark,14.84,-62.208
05-04-2018,Baltic Sea,Drug Trafficking,Oil Tanker,3,No,Denmark,58.308,19.475
25-06-2021,Strait of Malacca,Piracy,Passenger Ship,4,Yes,Philippines,0.912,99.122
08-09-2022,Strait of Malacca,Piracy,Passenger Ship,11,Yes,Saudi Arabia,3.343,100.728
14-12-2020,Indian Ocean,Smuggling,Container Ship,1,No,Greece,-3.343,71.438
23-05-2022,Strait of Malacca,Piracy,Tanker,4,Yes,Egypt,1.797,102.52
05-07-2022,Baltic Sea,Smuggling,Fishing Boat,4,Yes,India,59.988,19.481
18-01-2022,Baltic Sea,Hijacking,Oil Tanker,14,Yes,Greece,58.671,19.237
07-02-2023,West African Coast,Drug Trafficking,Cargo Ship,4,No,Denmark,6.993,-4.623
28-11-2022,Baltic Sea,Piracy,Oil Tanker,17,Yes,Malaysia,56.578,16.994
14-02-2023,Baltic Sea,Grounding,Container Ship,0,No,Malaysia,56.126,19.689
18-01-2018,West African Coast,Hijacking,Fishing Boat,15,Yes,Malaysia,7.715,-5.867
07-07-2021,South China Sea,Collision,Speed Boat,0,Yes,Colombia,16.192,116.82
13-06-2020,Baltic Sea,Drug Trafficking,Passenger Ship,9,Yes,Philippines,56.033,17.487
25-04-2022,Arctic Ocean,Illegal Fishing,Fishing Boat,18,Yes,Philippines,75.986,60.301
19-05-2018,South China Sea,Illegal Fishing,Cargo Ship,14,No,Norway,16.561,116.879
03-03-2023,Bay of Bengal,Piracy,Oil Tanker,4,Yes,Russia,21.33,91.38
31-03-2023,Indian Ocean,Hijacking,Tanker,12,Yes,Bangladesh,-5.111,70.721
09-05-2022,Persian Gulf,Collision,Speed Boat,1,Yes,Colombia,23.303,55.216
11-01-2019,Gulf of Aden,Oil Spill,Fishing Boat,2,Yes,Malaysia,12.493,45.028
18-04-2022,Persian Gulf,Drug Trafficking,Container Ship,14,Yes,India,25.421,55.978
26-01-2019,West African Coast,Smuggling,Cargo Ship,0,No,Bangladesh,5.906,-5.806
05-06-2020,Indian Ocean,Hijacking,Bulk Carrier,14,Yes,Colombia,-3.284,71.752
05-12-2018,Indian Ocean,Smuggling,Fishing Boat,9,No,Denmark,-3.65,71.866
28-10-2020,Caribbean Sea,Oil Spill,Oil Tanker,10,Yes,India,16.121,-59.827
31-08-2021,West African Coast,Piracy,Fishing Boat,14,Yes,Philippines,7.244,-5.941
21-02-2018,Bay of Bengal,Illegal Fishing,Research Vessel,5,Yes,Somalia,21.519,89.098
01-07-2021,Caribbean Sea,Illegal Fishing,Bulk Carrier,15,No,Philippines,13.286,-60.023
28-02-2018,West African Coast,Smuggling,Container Ship,20,Yes,Iran,7.327,-5.222
04-05-2021,Persian Gulf,Smuggling,Bulk Carrier,2,Yes,Denmark,24.819,54.079
03-05-2018,Bay of Bengal,Mechanical Failure,Oil Tanker,3,Yes,Philippines,19.665,89.308
10-08-2020,West African Coast,Collision,Research Vessel,14,Yes,Egypt,6.619,-4.672
31-08-2019,Mediterranean Sea,Oil Spill,Fishing Boat,12,Yes,Russia,35.766,18.065
23-04-2020,Red Sea,Smuggling,Cargo Ship,0,No,Bangladesh,18.498,36.076
04-06-2023,Mediterranean Sea,Shipwreck,Cargo Ship,13,Yes,Russia,34.697,18.846
08-11-2018,Indian Ocean,Shipwreck,Container Ship,0,Yes,Greece,-3.678,73.324
08-08-2021,West African Coast,Collision,Passenger Ship,3,Yes,Denmark,5.705,-3.611
16-08-2020,Strait of Malacca,Collision,Container Ship,12,Yes,Norway,0.801,101.854
13-08-2018,Red Sea,Grounding,Bulk Carrier,3,Yes,India,19.334,38.039
10-04-2020,Mediterranean Sea,Mechanical Failure,Oil Tanker,0,Yes,Denmark,35.452,17.343
07-11-2019,West African Coast,Smuggling,Cargo Ship,0,Yes,Denmark,4.96,-4.168
14-12-2022,North Sea,Illegal Fishing,Speed Boat,4,No,Russia,56.508,2.027
11-01-2018,Gulf of Aden,Collision,Speed Boat,4,Yes,India,13.648,46.278
30-10-2022,Strait of Malacca,Grounding,Passenger Ship,12,No,Colombia,0.022,99.732
13-03-2020,Persian Gulf,Piracy,Container Ship,7,Yes,Somalia,25.834,54.066
22-05-2019,North Sea,Fire,Container Ship,1,Yes,Norway,54.907,2.743
21-09-2020,Bay of Bengal,Fire,Fishing Boat,12,Yes,India,19.974,88.434
22-10-2021,Strait of Malacca,Oil Spill,Oil Tanker,6,Yes,Greece,0.026,101.977
09-10-2021,Persian Gulf,Hijacking,Fishing Boat,2,Yes,Russia,23.575,55.762
16-07-2021,Arctic Ocean,Smuggling,Oil Tanker,12,No,Greece,75.825,58.201
03-11-2020,North Sea,Piracy,Oil Tanker,14,Yes,Nigeria,55.72,4.592
18-11-2022,Persian Gulf,Piracy,Speed Boat,0,Yes,Philippines,26.045,53.15
16-08-2022,West African Coast,Fire,Cargo Ship,3,Yes,Malaysia,5.654,-4.338
20-03-2023,Red Sea,Piracy,Fishing Boat,5,Yes,Malaysia,20.485,38.829
29-03-2021,Arctic Ocean,Fire,Tanker,10,Yes,Denmark,75.019,61.088
20-01-2018,North Sea,Smuggling,Oil Tanker,3,No,Russia,55.458,3.363
22-02-2021,Gulf of Aden,Piracy,Cargo Ship,17,Yes,Norway,10.195,44.675
03-03-2021,Indian Ocean,Drug Trafficking,Oil Tanker,1,No,Russia,-4.439,70.611
27-12-2018,Strait of Malacca,Piracy,Speed Boat,8,Yes,Saudi Arabia,3.137,99.996
20-05-2022,Strait of Malacca,Mechanical Failure,Speed Boat,0,Yes,India,0.663,101.274
25-05-2023,North Sea,Drug Trafficking,Speed Boat,5,No,Philippines,56.425,5.712
13-09-2021,Indian Ocean,Piracy,Oil Tanker,1,Yes,Somalia,-4.904,70.222
12-04-2021,Arctic Ocean,Piracy,Container Ship,18,Yes,Malaysia,73.397,58.612
01-12-2021,North Sea,Collision,Bulk Carrier,12,Yes,Philippines,55.857,3.186
18-06-2022,Caribbean Sea,Piracy,Passenger Ship,1,Yes,Russia,14.195,-60.945
16-09-2019,Red Sea,Hijacking,Container Ship,0,Yes,Denmark,18.372,36.301
07-03-2019,Indian Ocean,Piracy,Cargo Ship,7,Yes,Bangladesh,-4.802,70.514
01-06-2021,Indian Ocean,Smuggling,Fishing Boat,9,Yes,Colombia,-3.807,71.852
31-08-2019,Gulf of Aden,Hijacking,Speed Boat,8,Yes,India,12.895,46.27
11-12-2018,Red Sea,Illegal Fishing,Bulk Carrier,9,Yes,Egypt,20.261,39.959
14-02-2020,Mediterranean Sea,Hijacking,Research Vessel,5,Yes,Egypt,34.937,18.824
22-05-2019,Red Sea,Grounding,Fishing Boat,12,Yes,Denmark,19.175,36.906
14-11-2021,Persian Gulf,Mechanical Failure,Tanker,2,No,Denmark,24.975,56.186
02-01-2020,Mediterranean Sea,Piracy,Cargo Ship,16,Yes,Greece,36.967,19.371
13-09-2018,North Sea,Piracy,Fishing Boat,0,Yes,Philippines,54.756,3.062
03-03-2022,Strait of Malacca,Collision,Container Ship,3,Yes,Saudi Arabia,1.496,101.081
04-02-2020,Baltic Sea,Grounding,Tanker,15,No,Bangladesh,59.425,19.829
28-03-2022,Caribbean Sea,Hijacking,Oil Tanker,20,Yes,Colombia,13.973,-61.491
30-05-2022,West African Coast,Grounding,Fishing Boat,7,No,Saudi Arabia,7.574,-3.286
18-12-2022,Persian Gulf,Mechanical Failure,Research Vessel,5,Yes,Norway,23.918,54.591
26-07-2018,Caribbean Sea,Piracy,Research Vessel,7,Yes,Bangladesh,14.089,-60.044
28-01-2020,Arctic Ocean,Illegal Fishing,Cargo Ship,11,Yes,Nigeria,75.797,59.909
01-03-2022,Baltic Sea,Smuggling,Passenger Ship,14,Yes,Denmark,56.524,18.494
13-07-2021,West African Coast,Smuggling,Cargo Ship,10,Yes,Greece,4.699,-5.273
06-05-2020,Strait of Malacca,Piracy,Fishing Boat,1,Yes,Iran,0.682,101.986
01-10-2019,Mediterranean Sea,Smuggling,Container Ship,5,No,Philippines,35.896,16.078
11-10-2019,Arctic Ocean,Piracy,Cargo Ship,17,Yes,Iran,76.212,58.695
10-02-2020,Arctic Ocean,Grounding,Container Ship,3,Yes,Philippines,73.054,58.009
08-12-2018,Arctic Ocean,Piracy,Tanker,0,Yes,Egypt,74.472,58.182
06-02-2019,Arctic Ocean,Hijacking,Container Ship,9,Yes,India,75.01,60.833
09-07-2022,North Sea,Collision,Cargo Ship,16,Yes,Colombia,55.24,4.275
10-02-2020,Caribbean Sea,Collision,Oil Tanker,7,Yes,Denmark,16.99,-59.406
26-09-2018,South China Sea,Smuggling,Container Ship,4,Yes,Bangladesh,13.843,113.439
09-04-2018,Persian Gulf,Fire,Speed Boat,11,No,Russia,25.972,56.772
02-02-2022,Mediterranean Sea,Shipwreck,Tanker,3,Yes,Nigeria,34.739,19.392
04-08-2022,Strait of Malacca,Illegal Fishing,Container Ship,1,Yes,Bangladesh,1.177,100.744
01-03-2020,Caribbean Sea,Piracy,Cargo Ship,1,Yes,Somalia,16.676,-60.095
05-04-2020,South China Sea,Smuggling,Tanker,14,Yes,Nigeria,14.37,114.708
25-09-2021,Red Sea,Drug Trafficking,Oil Tanker,18,No,Colombia,19.58,37.168
29-11-2021,Persian Gulf,Grounding,Container Ship,2,Yes,Bangladesh,25.011,56.827
14-02-2023,Caribbean Sea,Drug Trafficking,Container Ship,18,No,Nigeria,14.382,-59.5
04-05-2021,Indian Ocean,Drug Trafficking,Passenger Ship,2,No,Iran,-5.96,71.703
07-04-2020,West African Coast,Smuggling,Bulk Carrier,7,Yes,Somalia,5.22,-4.681
29-05-2018,Arctic Ocean,Grounding,Fishing Boat,5,No,Saudi Arabia,74.96,60.892
26-05-2019,Mediterranean Sea,Grounding,Oil Tanker,0,No,Greece,33.325,16.414
01-11-2021,Indian Ocean,Illegal Fishing,Bulk Carrier,8,No,Colombia,-5.916,70.337
02-04-2019,Arctic Ocean,Illegal Fishing,Passenger Ship,1,Yes,Malaysia,76.715,60.747
20-02-2020,North Sea,Oil Spill,Bulk Carrier,1,Yes,Iran,56.595,4.862
01-01-2023,Gulf of Aden,Piracy,Fishing Boat,4,Yes,Greece,10.172,43.427
12-01-2023,South China Sea,Piracy,Container Ship,10,Yes,Russia,15.852,116.668
31-03-2023,North Sea,Illegal Fishing,Cargo Ship,1,No,India,57.228,2.701
05-04-2022,Mediterranean Sea,Piracy,Bulk Carrier,4,Yes,Greece,33.099,19.333
07-03-2022,North Sea,Collision,Cargo Ship,8,Yes,Malaysia,56.738,4.673
20-10-2018,Gulf of Aden,Grounding,Cargo Ship,11,Yes,Saudi Arabia,11.543,45.588
09-04-2021,Mediterranean Sea,Illegal Fishing,Research Vessel,15,No,Colombia,33.243,18.502
11-05-2018,Gulf of Aden,Smuggling,Fishing Boat,6,Yes,Iran,13.299,43.693
09-12-2019,Gulf of Aden,Smuggling,Passenger Ship,3,No,Norway,10.501,46.399
14-06-2023,Mediterranean Sea,Hijacking,Container Ship,9,Yes,Russia,35.398,19.755
02-07-2022,Red Sea,Piracy,Cargo Ship,1,Yes,Bangladesh,21.589,39.848
24-10-2019,Baltic Sea,Smuggling,Fishing Boat,3,Yes,Egypt,59.32,19.456
13-06-2020,Strait of Malacca,Piracy,Fishing Boat,1,Yes,Greece,1.171,99.56
17-01-2023,West African Coast,Illegal Fishing,Oil Tanker,9,No,Iran,4.789,-6.225
21-11-2020,Red Sea,Drug Trafficking,Cargo Ship,12,No,Malaysia,21.5,36.01
06-11-2019,Arctic Ocean,Drug Trafficking,Oil Tanker,14,Yes,Somalia,75.763,60.872
22-10-2022,West African Coast,Piracy,Container Ship,1,Yes,Colombia,5.787,-6.562
09-02-2021,Strait of Malacca,Collision,Cargo Ship,14,Yes,Saudi Arabia,3.426,100.495
23-08-2018,Arctic Ocean,Illegal Fishing,Passenger Ship,8,Yes,Denmark,74.455,60.871
13-07-2020,Indian Ocean,Smuggling,Research Vessel,10,No,Philippines,-5.262,70.73
22-10-2018,South China Sea,Collision,Cargo Ship,13,Yes,Philippines,13.435,115.491
14-10-2019,Caribbean Sea,Smuggling,Cargo Ship,20,No,Saudi Arabia,15.109,-61.732
10-12-2022,Arctic Ocean,Collision,Passenger Ship,6,Yes,Greece,73.241,60.892
02-05-2020,Bay of Bengal,Piracy,Cargo Ship,1,Yes,Iran,19.927,90.12
25-01-2019,Caribbean Sea,Smuggling,Cargo Ship,17,No,Egypt,13.255,-60.271
12-01-2023,Persian Gulf,Smuggling,Container Ship,7,No,Philippines,23.784,56.904
18-07-2021,South China Sea,Piracy,Fishing Boat,1,Yes,Bangladesh,14.22,113.132
11-10-2019,Indian Ocean,Piracy,Tanker,2,Yes,Iran,-3.623,72.021
14-08-2019,Red Sea,Smuggling,Oil Tanker,5,Yes,Somalia,19.539,39.255
